COD_DIS_MADRID,Año,renta_hogar,renta_persona
2807901,2015,31392.0,15512.0
2807901,2016,32458.0,16147.0
2807901,2017,33473.0,16711.0
2807901,2018,36072.0,17932.0
2807901,2019,38171.0,18789.0
2807901,2020,36984.0,18314.0
2807901,2021,38360.0,19199.0
2807901,2022,41059.0,20587.0
2807902,2015,40203.0,16855.0
2807902,2016,41122.0,17306.0
2807902,2017,42088.0,17738.0
2807902,2018,43789.0,18473.0
2807902,2019,45262.0,19088.0
2807902,2020,45310.0,19284.0
2807902,2021,46699.0,20103.0
2807902,2022,49236.0,21383.0
2807903,2015,51795.0,20900.0
2807903,2016,52963.0,21504.0
2807903,2017,53111.0,21598.0
2807903,2018,55775.0,22706.0
2807903,2019,57027.0,23262.0
2807903,2020,56302.0,23227.0
2807903,2021,57448.0,23925.0
2807903,2022,60762.0,25407.0
2807904,2015,53978.0,23009.0
2807904,2016,57147.0,24433.0
2807904,2017,57720.0,24683.0
2807904,2018,61466.0,26255.0
2807904,2019,60435.0,25770.0
2807904,2020,60401.0,25932.0
2807904,2021,60217.0,25956.0
2807904,2022,64925.0,28140.0
2807905,2015,60962.0,24155.0
2807905,2016,65260.0,25969.0
2807905,2017,65995.0,26267.0
2807905,2018,70735.0,28190.0
2807905,2019,69558.0,27634.0
2807905,2020,69202.0,27719.0
2807905,2021,69670.0,28233.0
2807905,2022,74842.0,30506.0
2807906,2015,34702.0,14563.0
2807906,2016,35609.0,14970.0
2807906,2017,36142.0,15180.0
2807906,2018,37557.0,15742.0
2807906,2019,39332.0,16354.0
2807906,2020,38799.0,16336.0
2807906,2021,39991.0,17026.0
2807906,2022,42465.0,18062.0
2807907,2015,48997.0,21558.0
2807907,2016,50882.0,22499.0
2807907,2017,51644.0,22897.0
2807907,2018,54327.0,24112.0
2807907,2019,56073.0,24881.0
2807907,2020,55757.0,24913.0
2807907,2021,56281.0,25275.0
2807907,2022,60032.0,27076.0
2807908,2015,48859.0,18109.0
2807908,2016,50087.0,18573.0
2807908,2017,50379.0,18661.0
2807908,2018,52858.0,19551.0
2807908,2019,54493.0,20105.0
2807908,2020,54292.0,20217.0
2807908,2021,55125.0,20671.0
2807908,2022,58214.0,21947.0
2807909,2015,56458.0,21689.0
2807909,2016,57423.0,22152.0
2807909,2017,58965.0,22792.0
2807909,2018,64066.0,24686.0
2807909,2019,62482.0,24025.0
2807909,2020,62202.0,24138.0
2807909,2021,63205.0,24659.0
2807909,2022,68238.0,26694.0
2807910,2015,30157.0,12057.0
2807910,2016,30490.0,12232.0
2807910,2017,30847.0,12370.0
2807910,2018,31872.0,12749.0
2807910,2019,33237.0,13179.0
2807910,2020,32957.0,13261.0
2807910,2021,33790.0,13719.0
2807910,2022,35669.0,14375.0
2807911,2015,27940.0,10758.0
2807911,2016,28301.0,10872.0
2807911,2017,28721.0,10988.0
2807911,2018,29842.0,11327.0
2807911,2019,31190.0,11679.0
2807911,2020,30890.0,11713.0
2807911,2021,32050.0,12275.0
2807911,2022,33786.0,12764.0
2807912,2015,25573.0,9276.0
2807912,2016,25954.0,9395.0
2807912,2017,26501.0,9552.0
2807912,2018,27674.0,9860.0
2807912,2019,29061.0,10211.0
2807912,2020,28770.0,10239.0
2807912,2021,30023.0,10797.0
2807912,2022,31996.0,11430.0
2807913,2015,24690.0,9386.0
2807913,2016,25029.0,9545.0
2807913,2017,25527.0,9706.0
2807913,2018,26652.0,10045.0
2807913,2019,27975.0,10402.0
2807913,2020,27714.0,10445.0
2807913,2021,28681.0,10941.0
2807913,2022,30339.0,11452.0
2807914,2015,34753.0,13714.0
2807914,2016,35059.0,13944.0
2807914,2017,35514.0,14135.0
2807914,2018,36755.0,14637.0
2807914,2019,37951.0,15101.0
2807914,2020,37890.0,15294.0
2807914,2021,38421.0,15667.0
2807914,2022,40324.0,16437.0
2807915,2015,36833.0,14767.0
2807915,2016,37421.0,15048.0
2807915,2017,37621.0,15111.0
2807915,2018,39425.0,15815.0
2807915,2019,40948.0,16349.0
2807915,2020,40532.0,16436.0
2807915,2021,41311.0,16890.0
2807915,2022,43738.0,17808.0
2807916,2015,47113.0,17662.0
2807916,2016,48688.0,18277.0
2807916,2017,49695.0,18620.0
2807916,2018,52944.0,19759.0
2807916,2019,53836.0,20044.0
2807916,2020,52880.0,19890.0
2807916,2021,54316.0,20500.0
2807916,2022,57506.0,21766.0
2807917,2015,26599.0,9642.0
2807917,2016,26915.0,9756.0
2807917,2017,27392.0,9875.0
2807917,2018,28407.0,10164.0
2807917,2019,29873.0,10540.0
2807917,2020,29640.0,10591.0
2807917,2021,30673.0,11059.0
2807917,2022,32527.0,11563.0
2807918,2015,30175.0,11688.0
2807918,2016,30861.0,11925.0
2807918,2017,31447.0,12114.0
2807918,2018,32765.0,12545.0
2807918,2019,34168.0,12976.0
2807918,2020,34190.0,13099.0
2807918,2021,35278.0,13605.0
2807918,2022,36998.0,14274.0
2807919,2015,31466.0,11375.0
2807919,2016,32152.0,11695.0
2807919,2017,32713.0,11941.0
2807919,2018,33870.0,12353.0
2807919,2019,35510.0,12916.0
2807919,2020,35589.0,13123.0
2807919,2021,37141.0,13849.0
2807919,2022,39505.0,14832.0
2807920,2015,34498.0,13171.0
2807920,2016,35077.0,13404.0
2807920,2017,35546.0,13559.0
2807920,2018,37112.0,14100.0
2807920,2019,38560.0,14545.0
2807920,2020,38163.0,14537.0
2807920,2021,39321.0,15115.0
2807920,2022,41474.0,15902.0
2807921,2015,46347.0,17257.0
2807921,2016,47389.0,17641.0
2807921,2017,47782.0,17807.0
2807921,2018,49615.0,18514.0
2807921,2019,51108.0,19026.0
2807921,2020,50985.0,19138.0
2807921,2021,51400.0,19482.0
2807921,2022,54343.0,20788.0
